{
    "new": [
        "album and book art",
        "wai-anime-pony",
        "flat-2d animerge",
        "blendermix",
        "duchaiten unreal",
        "tunix",
        "wai-cute-pony",
        "mhxl-aventis horizon",
        "nova furry pony",
        "nova anime xl",
        "white pony diffusion"
    ],
    "featured": [
        "flux",
        "flux-aspect-ratio",
        "cascade+"
    ],
    "stable cascade": [
        "cascade+",
        "cascade-big",
        "cascade-portrait",
        "cascade-big-landscape",
        "cascade-big-portrait",
        "cascade-landscape"
    ],
    "chinese new year 2024": [
        "traditional chinese art",
        "hongbao coin",
        "chinese paper art",
        "chinese blue porcelain",
        "wuxia"
    ],
    "realism": [
        "cyberrealistic",
        "juggernaut",
        "deliberate",
        "deliberate3",
        "majicmix realistic",
        "edge of realism",
        "dreamlike photoreal",
        "realistic vision",
        "neurogen",
        "realbiter",
        "absolute reality",
        "icbinp",
        "icbinp xl",
        "swam pony",
        "analog madness",
        "realisian",
        "reliberate",
        "pony realism",
        "ultraspice",
        "white pony diffusion"
    ],
    "summer": [
        "summer 2023",
        "summer 2024"
    ],
    "stylepunks": [
        "lunarpunk",
        "celtpunk",
        "toxicpunk",
        "mongolpunk",
        "musketpunk",
        "absinthepunk",
        "cattlepunk",
        "circuspunk",
        "aetherpunk",
        "potatopunk",
        "nightmarepunk",
        "crystalpunk",
        "fantasypunk",
        "horrorpunk",
        "bonepunk",
        "oldegyptpunk",
        "vikingpunk",
        "gaslamppunk",
        "atompunk",
        "gothpunk",
        "circuitpunk",
        "teslapunk",
        "valvepunk",
        "infernalpunk",
        "solarpunk",
        "stonepunk",
        "gempunk",
        "cogpunk",
        "victorianpunk",
        "biopunk",
        "mahabharatapunk",
        "javapunk",
        "balipunk",
        "dieselpunk",
        "totempunk",
        "samuraipunk",
        "zulupunk",
        "witchpunk",
        "colorpunk",
        "bronzepunk",
        "neonpunk",
        "kazakpunk",
        "grecopunk",
        "romanpunk",
        "arabiannightspunk",
        "steampunk",
        "piratepunk",
        "coalpunk",
        "alchemypunk",
        "ivorygoldai",
        "gothicpunk"
    ],
    "horrors": [
        "bodyhorror",
        "sdxlhorror",
        "gothichorrorai",
        "tentaclehorrorai",
        "horrorpunk",
        "reelhorror",
        "arielphorror",
        "dreadhorror",
        "nastyhorrors"
    ],
    "summer 2023": [
        "perfect summer",
        "vintage postcard",
        "sunny day",
        "golden light"
    ],
    "halloween": [
        "terror ink",
        "nightmare",
        "abandoned",
        "witch land",
        "nightmare fairytale",
        "elmstreet",
        "ennui",
        "dark fantasy",
        "vibrant halloween",
        "glitch horror",
        "monstrous burton",
        "spooky gouache",
        "spooky horror",
        "crungus revenge",
        "impressionist horror comic"
    ],
    "halloween 2023": [
        "vibrant halloween",
        "glitch horror",
        "monstrous burton",
        "spooky gouache",
        "spooky horror",
        "crungus revenge",
        "impressionist horror comic"
    ],
    "halloween 2022": [
        "terror ink",
        "nightmare",
        "abandoned",
        "witch land",
        "nightmare fairytale",
        "elmstreet",
        "ennui",
        "dark fantasy"
    ],
    "winter": [
        "winter 2022"
    ],
    "winter 2022": [
        "frozen village",
        "culdesac",
        "snowing",
        "wintersun temple",
        "fantasy snowstorm",
        "christmas church",
        "log cabin",
        "prehistoric winter",
        "warrior fairy"
    ],
    "dreambooth": [
        "fustercluck",
        "blank canvas xl",
        "danmumford",
        "robo",
        "classic animation",
        "comic mashup",
        "charlie bo",
        "hollie mengert",
        "pepe larraz",
        "andreas rocha",
        "james daly",
        "microworlds",
        "appicon",
        "vectorartz",
        "inkpunk",
        "mtg",
        "paintart",
        "rpg portrait",
        "papercut",
        "ghibli",
        "analog",
        "dublex",
        "dreamlike",
        "seekart",
        "gta5",
        "acertainthing",
        "space",
        "modern art",
        "dnd",
        "dnd item"
    ],
    "fantasy": [
        "high fantasy",
        "dark fantasy",
        "mtg",
        "rpg portrait",
        "hasdx"
    ],
    "animation": [
        "mistoon amethyst",
        "toonyou",
        "western animation"
    ],
    "stylized": [
        "illuminati",
        "faetastic",
        "moonmix fantasy",
        "color splash",
        "rainbow"
    ],
    "anime": [
        "acertainthing",
        "ghibli",
        "meinamix",
        "galena redux",
        "dark sushi",
        "bweshmix",
        "revanimated",
        "cetus-mix",
        "anything",
        "waifu",
        "poison",
        "anime illust",
        "aam xl",
        "cheyenne",
        "am pony",
        "pony",
        "animagine",
        "eimis",
        "nova anime xl"
    ],
    "furries": [
        "scalie",
        "furry",
        "impasto furry",
        "nova furry pony"
    ],
    "anime_raw": [
        "acertainthing_raw",
        "anything_raw",
        "waifu_raw",
        "poison_raw",
        "eimis_raw",
        "trinart_character_raw",
        "healys anime"
    ],
    "landscapes": [
        "acertainthing",
        "vectorartz",
        "sci-fi"
    ],
    "comic": [
        "gta5",
        "classic animation",
        "comic mashup",
        "charlie bo",
        "hollie mengert",
        "pepe larraz",
        "andreas rocha",
        "james daly",
        "flat simple cartoon"
    ],
    "painting": [
        "paintart",
        "19th century painting",
        "dreamlike",
        "dreamlikesam",
        "dreamlikekuvshinov",
        "impressionist oil painting"
    ],
    "reshape": [
        "icons",
        "microworlds",
        "microverse",
        "papercut"
    ],
    "icons": [
        "appicon",
        "diablo icon",
        "stickers",
        "game icon"
    ],
    "portrait": [
        "inkpunk+",
        "dublex",
        "rpg portrait",
        "dreamlike photoreal",
        "protogen",
        "3dkx",
        "ppp",
        "anygen",
        "duchaiten",
        "vintage yearbook photo",
        "dreamshaper"
    ],
    "glitch": [
        "glitchart",
        "oldvhs",
        "analogdistortion",
        "pixelsorting"
    ],
    "flux-aspect-ratio": [
        "flux-extreme-vertical",
        "flux-vertical",
        "flux-portrait",
        "flux-portrait-big",
        "flux-photo",
        "flux-photo-horizontal",
        "flux-landscape",
        "flux-landscape-big",
        "flux-widescreen",
        "flux-cinematic",
        "flux-small",
        "flux"
    ],
    "sdxl-aspect-ratio": [
        "sdxl-extreme-vertical",
        "sdxl-vertical",
        "sdxl-portrait",
        "sdxl-photo",
        "sdxl-photo-horizontal",
        "sdxl-landscape",
        "sdxl-widescreen",
        "sdxl-cinematic"
    ],
    "mediums": [
        "floralceramic",
        "watercolorscenery",
        "pencilscribbles",
        "broadsheetart",
        "embroidery",
        "claymation",
        "origami",
        "parchment"
    ],
    "artstyles": [
        "neonlines",
        "graffiti",
        "retrofuturistic",
        "dystopian",
        "sdxlanime",
        "isometric",
        "manga",
        "lowpoly",
        "pixelart",
        "soft pixels",
        "vaporwave",
        "goldenagecomics",
        "neonnoir",
        "movieposter",
        "sovietpropaganda",
        "portraitphoto",
        "schematic",
        "animation",
        "disney",
        "pixar",
        "lineart",
        "vector illustration",
        "line art",
        "charcoal drawing",
        "pencil drawing"
    ],
    "cards": [
        "playingcard",
        "baseballcard",
        "greetingcard",
        "postcard",
        "moderntarotcard",
        "antiquetarotcard"
    ],
    "stylish": [
        "sdxlspace",
        "building",
        "animal",
        "futurefashion",
        "sdxlcatgirlportrait",
        "sdxlchibis",
        "cyborgpunkportrait",
        "weirdies animals",
        "sdxlstreetfashion"
    ],
    "sd15-bd": [
        "bdcolordd"
    ],
    "birthday 2023": [
        "bd-ai",
        "makoto birthday",
        "artistic birthday",
        "bdcolordd"
    ],
    "summer 2024": [
        "sunbeam solstice",
        "a midsummer night's dream",
        "solstice serenity",
        "celtic solstice",
        "nouveau solstice",
        "mayan solstice",
        "golden solstice",
        "floral solstice",
        "sunny solstice",
        "yellow solstice",
        "burning sun cascade",
        "verdant solstice",
        "bonfire beats on the beach",
        "ghibli solstice",
        "8pm",
        "leaping–fire–cascade",
        "summer rays"
    ],
    "pony": [
        "blendermix",
        "duchaiten unreal",
        "tunix",
        "wai-cute-pony",
        "wai-anime-pony",
        "pony",
        "pony realism",
        "am pony",
        "swam pony",
        "nova furry pony",
        "white pony diffusion"
    ],
    "album and book art": [
        "pulp fiction cover",
        "early 80s cover",
        "dnd5e cover",
        "harlequin romance cover",
        "little golden book cover",
        "wizard's vintage romance cover",
        "children's book illustration",
        "eric carle style",
        "wizard's vintage comic book",
        "kid book illustration",
        "magazine cover",
        "vintage vogue cover",
        "dan seagrave album cover",
        "weird tales cover"
    ]
}
